sequence,constraints,unconstrained,constrained,hamming,base_pair
AAUGUGAAAAGAUUUUGCGGUCUCGCCAGCUUGGGCCGGAGCUUGUACCAGCCUUACAUUCUUAUCUACCAUAGCCGCCCACUGUUAAUCAAAAGUCGUUAAAGUCGCUGGGUAUGUGUCAGGAGAAUUACGUGGCCGAACGAGAUGGACAU,"{(30, 39), (27, 42), (28, 41), (31, 38), (29, 40)}",.((((((((((())))(((())((()((())()(()))))))))(())))())(()(()((((().()((.())((()(((.))(()()(...(((()(()))()())))((((()))))))).)(())(())(()))))().)()))).)),.((((((((((())))(((())((()((())()(()))))))))(())))())(()(()((((().()((.())((()(((.))(()()(...(((()(()))()())))((((()))))))).)(())(())(()))))().)()))).)),0,0
CCAGGCGUUGGCGAUGUGAAAUUACGCAUACUUUGUACCUUCGGUGGACCUUUGCAUCCUCCCCAAAGGAUGAUUCAUCGCAAUACCAGUGCACAGUGACGCUUUGCAAGACGGCAGCCUAGCGCUACUGCCGCCCUUG,"{(18, 33), (19, 32), (20, 31)}",..(((()((((()()()(((((().()()).)))(()))((())(((((((((()()..(....)))))())()))()()))()))))((())))(((.)()(((()))))(((((().(((()))).)))))))))(),..(((()(())()()(((((())(.()(().))((()((((.(((((((((((()()..(....)))))())()))()()))().)))((())))(((.)()(((())))))))))().)((()))(.)()))))))(),22,45
ACACACAAAAUAUCGAUGUGGCGACCUACUUCUGUAUCCAUCACAGACGGUCGUCGAAAACCGACUUCAAAGCAUAAUGCUUAAUUCCAACCUUAAUAUGGCGGGCACAGGGCAUCUAUCAGUGUCUGCUUCAGAGAAUGU,"{(37, 48), (35, 50), (36, 49)}",..(.(((((()()()()()((().))().)).)))().(.((((.)(()((()(())).((()((((.))(()(()()()))(())((.(..(()()))))()(()((.)(()())())).))))))())((.))))())),..(.(((((()()()()()((().))().)).)))().(.((((.)(()((()(())).((()((((.))(()(()()()))(())((.(..(()()))))()(()((.)(()())())).))))))())((.))))())),0,0
AAGCUGUAGGGUCAUCAAGUGCCCCCUGCCCAGGCAUAGGGCACCUAAUGAGGCAUAUGCGUUCGAUAGGCACGGUGCAAGCUUCAAGCACCUGCUUGAAUGUGAGAAUUUCAGCAGCUGUCGUACGGCACAAGUCGCGACCUGUGU,"{(31, 45), (32, 44), (33, 43)}",..((()()((())()(.(((()(((((().(.)()())))()(((()())(((((()))()((())()(((.())(())(())))).().))(()(())))))).)).(((.)(((()))(()()()()))))(((()))))))))),..((()()((())()(.(((()(((((().(.)()())))()(((()())(((((()))()((())()(((.())(())(())))).().))(()(())))))).)).(((.)(((()))(()()()()))))(((()))))))))),0,0
ACCUAACAGUUACGAGGAAUCACUAUCUCGCGAUAUACUACGACCACCGCUGCUGUUGGUAAGCGAAAGUGGGGUAGCCCCAAGCGGUGUCUCAGUAUUACAAGGUCCACGAUAGACGUCCACACAC,"{(18, 33), (19, 32), (20, 31)}",.((()((.))()().))..(((((()(((()))()()(()()(..(..())()))(())().()))..)))(((()())))).(()(((((((.)(()().)))((..)().()((()))))))).),.((()((.))()().))..(((((()(((()))()()(()()(..(..())()))(())().()))..)))(((()())))).(()(((((((.)(()().)))((..)().()((()))))))).),0,0
AUAAUGUUUCCCCGGGCCUCUCGUCGACGAUAUAGAGGUUAUAUAAAACUGGAGACUUUGAUUCGCCUAAAAGCUACGGGACUCGAGCACUUCCUUGAAAGCGGCCUCUGGGCCGACCGAGCAGCCAGUUUAAAGCGGAGAAAGG,"{(37, 48), (38, 47), (36, 49)}",.(((()))((((()))(((((()(())()(()))))))(()()()((((())((.))))(()((()(()...()()())))))(((()(.)))((()).((()()))((((()((.(().)).)))))((()))()))))))...,.(((()))((((()))(((((()(())()(()))))))(()()()((((())((.))))(()((()(()...()()())))))(((()(.)))((()).((()()))((((()((.(().)).)))))((()))()))))))...,0,0
UCCAGGUUGGGCUAAGGACGCGUUAGUCGUUAUGCGGAGCCUAUCCACUAGUAAGGAUGAAAGAUAGUGUGGCGGGUUCGCCUUUGUACUACCAAAGGUGGCCACCUCGAUAUCUCCCGCUUUUGCCUAGGGUC,"{(17, 29), (18, 28), (19, 27)}",...((((())()()(((((()()())))((((((()((().()))))(()))))((()(..(((()(()()((((()))))))))(())())).((((((()))))(()())).)))())))))(((()))()),...((((())()()(((((()()())))((((((()((().()))))(()))))((()(..(((()(()()((((()))))))))(())())).((((((()))))(()())).)))())))))(((()))()),0,0
CUAUCUUUCAGUAUAAGCAACGUUACGUCGGGUAUAGCCCAGUUCAUUGGCAUACAGUGAUGGCGCCGUUAAGUAUUAUACGUCUCGCAUGUUCCUCCCUGGCUUAGUCCGUCGCUUGCCCAUAGAGUCUAAAGGU,"{(21, 25), (19, 27), (20, 26)}",..().....((()()(()((())().((.(((()()()))(()))((()()))))((()(((()()()(()(()()())))))))(()())))).).((((())((()(()(.()((()..()))))).())))).,..().....((()()(()((())().((.(((()()()))(()))((()()))))((()(((()()()(()(()()())))))))(()())))).).((((())((()(()(.()((()..()))))).())))).,0,0
UACAGGCAGUCGUCCUUUCACGAAAUGUAGGCAAUUUUCUGUUAAAUUUAUACUAAGUAGUAUCUUUUAAGUUCUGAAGCGUAUUUUUCUGAUGCGUGCGUUAUCAGGCUUUAACGAGUCGUUCAACGUAUCCGAAGCUCA,"{(28, 39), (29, 38), (26, 41), (27, 40)}",.(.((()(()())).))..(()((((((((()(())))((()(((())(()).))))())))).))).((()).)((((()())))).(()())()((()((().))((((())()))(()((.)(())().()))()))),.(.((()(()())).))..(()((((((((()(())))((()(((())(()).))))())))).))).((()).)((((()())))).(()())()((()((().))((((())()))(()((.)(())().()))()))),0,0
CAUGUACUUUACCGACAUGGGUAAGUCCAGUAAUCGGAAUGCCCGUCGAGACUGUUCGGCGUAUGUCGUACGGAGAUAUCGGAUCGAGCCAACUUGAUGAUAUGAGUUUAGCAUAAAAUCUUGCGCCGGUAGAUCGAGGUUC,"{(26, 36), (25, 37), (27, 35)}",(())()(((()(((.)()))())))(((.(()())))).()((()(())(.((()(((()()()()()())))))(())))).(())(((.(((())()(()))((((()()())).()))))()(())()).(())(())),(())()(((()(((.)()))())))(((.)((()(((.()()))))())))((()(((()()()()()()))))).()(()).(())(((.(((())()(()))((((()()())).()))))()(())()).(())(())),18,24
GCUUCGCGACUGACACCACACGGGUAGCUGGUGGCUGACCCACUGCGCGAGGUUGACGGCGGCCGUGGCGAGCGCCUUUAUUUGGCAAUACACUUUACGCACCUCUCUGCAUAUAUUAAGGGGUUGGUAAGG,"{(28, 41), (30, 39), (29, 40)}",().((()))(((.))(((((()((((())(()(())((((((.)(())).))))((()(()()()((()(((()).))((((()())))))))))()())))))((((()()()()()))))))())().)),().((()))(((.))(((((()((((())(()(())((((((.)(())).))))((()(()()()((()(((()).))((((()())))))))))()())))))((((()()()()()))))))())().)),0,0
UGGACCGGUCACCAAUUUUGAUGUCGCGUGGGCCUUACACGAAGGAUAACUCCACUCGUCGUUGAGGCCCCAUAGUCCAAUCAACUCAUACCUUGGCGAUGAUUCAUUUUUCCCGUUGCGUCAAUCACCCCAAACUAGGCAGGUGGAUGUG,"{(34, 42), (33, 43), (35, 41)}",(((((())))(..(())(((((()()()(((((((()((()((((.()(.)))(.)())()))))))))).())))).)))))(.)((()(((())()())((((((((((..()(((()(.)()))....)))(())()))))))))))),(((((())))(..(())(((((()()()(((((((()((()((((.()(.)))(.)())()))))))))).())))).)))))(.)((()(((())()())((((((((((..()(((()(.)()))....)))(())()))))))))))),0,0
GCUAAGUUUAAGGGGUAAAAAUAGAUUGCCCUUUAUUUGUAUUCUCAUACUAUAGAAGUUGCUGGAAAGCAAACUGAGCUAUUCAUUGCUGUCUAAGAGGCUACGACCGAUUUGCCAUCUACGCAUCCGGU,"{(18, 37), (19, 36), (20, 35), (21, 34)}",((().()(())((((()..((()(()(()((((()(((()()(((.)()((()))((())()))))))()))(.))(())()(.)((()(().())))(()()))))()()))())())())()())())),((().()(())((((()..((()(()(()((((()(((()()(((.)()((()))((())()))))))()))(.))(())()(.)((()(().())))(()()))))()()))())())())()())())),0,0
GACACCUCAUUGUGUUAUGUCUAUCACCAUAUGAAAUACUAACUGCAUGCUAAUGACAACCCUUCCUUUAUCCAACUUGUUGAUACCUCCUUGGAUUAAGGGUCUCUCGUGUUAGUUUGUGGGG,"{(23, 33), (24, 32), (25, 31)}",((.(..).()(())))()()..().(.((()))(((()(()(.))(())(()())(.((...))..)))().(((.)))))((()..))(((((()(((((())).)()))))(())(())))),((.(..).()(())))()()..().(.((()))(((()(()(.))(())(()())(.((...))..)))().(((.)))))((()..))(((((()(((((())).)()))))(())(())))),0,0
AGUACAGAGACUCGCGCCACUUCGGGCGAGCGAAAGUUGGGCGUAGCUGAGGCUAUGGUGGACUAAGGGCAGACAUAUGUACUUAACUGGCAUUUCGGCCUUAUUUAGUAACGGGGCCCGGUGAGACCGUAAA,"{(20, 33), (22, 31), (23, 30), (21, 32)}",..()(.)...((()()((.(((())()).)()..(())))(())))(().).((()))()(((().)(()((.((()))()))().))(()())(((()((()((()()))()((())))))))(.)())...,..()(.)...((()()((.(((())()).)()..(())))(())))(().).((()))()(((().)(()((.((()))()))().))(()())(((()((()((()()))()((())))))))(.)())...,0,0
CCGUAUCAACAUAUCGGUCGUGCCACUGGCGCCGGCCGAGGCGUCACCCUACUUUUGGGCUCAAAACGCUAAUGCGCAUAGCACUCCGGGCCCCGAUGCCUAUGGGUCUGCGGUAAAUUCGAC,"{(23, 27), (21, 29), (20, 30), (22, 28)}",..((().(((()()()))())()((.)(()()()()()(((()(.)))(()(((((((()))))))(()()((()()(()()(.).(((()))()())..))))))(((()))())()))))),..((().(((()()()))())()((.)(()()()()()(((()(.)))(()(((((((()))))))(()()((()()(()()(.).(((()))()())..))))))(((()))())()))))),0,0
GAACCUCCACCGUCUAUUUUGGUGGUGGGCAAAGGGGUCUCCCCUUUUGGGACCAACGAUUCAAGGAGCACCCCAACUUCAAAUAAUUCGUGGUUUCUUCGCGUUUCGGUCUGCAGAUCGUGAUCGGGGGAAUUAGGACAGAUUGCCUACG,"{(34, 43), (31, 46), (33, 44), (32, 45), (30, 47)}",(..).(..)(()(((()((((((((()(()((((((((.(..(((((()((.)))(()()).)))))())))))(((((.)(()(())())))))).))(()))))((()((())(())))))))))))))()()((((.)())())())),(..).(..)(()(((()((((((((()(()((((((((.(..(((((()((.)))(()()).)))))())))))(((((.)(()(())())))))).))(()))))((()((())(())))))))))))))()()((((.)())())())),0,0
ACUACAUCAGACUAACCGUUGGGCAAAACCAACGGUUUGCGACUAUCUCUAAUCCUGACUACGGCAGUAUUGCUCUGCGCCGUGUAGAGGUAGACUCGGUUAAAUGUAACACGACUGGUGUCGCUAAUCUGGAUCU,"{(23, 38), (24, 37), (26, 35), (25, 36)}",(.()(()(((((()(.((((((()((((.(..()))))()(.)()))((((()(((((.()()((((()))))))(()()()(()))))))))))(()()()))((().))()))())))))()()().)))().),(.()(()(((((()(.((((((()((((.(..()))))()(.)()))((((()(((((.()()((((()))))))(()()()(()))))))))))(()()()))((().))()))())))))()()().)))().),0,0
AACCAACGUCGGGCGGCUCGGGCUCCAGCUAAACUGGAACUUGGUUGUCCAAUAGUUAUCUAGCGGUAAAGCUUUUCGUGGUGUUGCAUCGUACAGUUAUGCCCGUAAUCGACCGGAGAUGCCACCGUAAUUGAAGAACAAUUAU,"{(34, 50), (35, 49), (36, 48), (37, 47)}",.(((.(())()))()()(()(()((((()()((((((((.)((()))))))()(())()(()()))()((()))))())))()((()()((())(((()(().()())(())(()))(()()).)()()()))))(..))()))),((((.(())()))()())()(()(((.()().(.)))).)(()(((()((((()((((((()())))))(()))))(()))(()(()()((())(((()(().()())(())(()))(()()).)()()()))))))))(()))),33,56
AUAUGGGGGUAGUCGAGCGAGCUUCAGUCGUGCAUGAAGAUAUAAAGUAACGCAGGAGACGUUGGAGUCAGGCAUACCACGUAAUGGGCGCUCACGUCGGGCUGUAACAAUGUACGGAUUUUGUAAUGUACCUGCCACGCUC,"{(22, 37), (23, 36), (21, 38), (24, 35), (25, 34)}",.()()....().(()).()..(((((()()(())))))).()()...().()(.)(((.(((()(((((.)())()((.()()()))(()((((())())()(()))(((()()()(()))))()())())))()))))))),.()()....().(()).()..(((((()()))(()).))(())...)().()(.)(((.(((()(((((.)())()((.()()()))(()((((())())()(()))(((()()()(()))))()())())))()))))))),9,16
ACGUUGCCUCUGGGGAUGACGCCCCUCUUCCGGGCGUGGCAGGGCGCUAUAAAAUACCCCUCCAGCUUCUUUAAGUAAACGUUCUGGCUUUCGUACGAAUCCAGAGUCGCAGGUUGCGGAGUGUGGCGGCGGUC,"{(20, 34), (19, 35), (22, 32), (23, 31), (21, 33)}",(((((().(.(((((()(.()))))(((((()))()()()))((())))))))()))((((.((())((((((((()((()))))(())((((())))))..))))(.())(()()))))(())))()()))).,(((((().(.(((((()(.()))))(((((()))()()()))((())))))))()))((((.((())((((((((()((()))))(())((((())))))..))))(.())(()()))))(())))()()))).,0,0
GAAGGAGAUGGAUAUCGCGUAGGAUAACGCUACGAGGGCAUAUGCGGUCCAACAUGAGGUCGUCUGCCCGUACUUGUGCGACAUCACCCCGUCAUCUGAUAUGUCUGAAUUCGUCGUGAUCCGGCCAUGUCCCGAUGAC,"{(17, 33), (20, 30), (21, 29), (18, 32), (19, 31)}",(.(((((((((()()((()()((.().()(()().)((((()))()((.(((.()(((()()).)())()().))(()))))()).)))))))))))(((())))(((())))))()(())((())())))(()())..,(.(((((((((()()((()()((.().()(()().)((((()))()((.(((.()(((()()).)())()().))(()))))()).)))))))))))(((())))(((())))))()(())((())())))(()())..,0,0
UAUCCUCCUAAACAGUACCCAGCAUCCGGAGAGGGAUGUUCUCGUGGAGAGAGCCCCCGCGCGGAGCAGUGUGGUUAGGGUCCGCCGCACUUUUUUGUGUCGGAACUCACAUCCUAUGUCCGUUUUCGCAGGCAAACG,"{(28, 42), (31, 39), (29, 41), (32, 38), (30, 40)}",()(..(..()))(((()(((.()()(()).).))((((((.((())))((((()..(((())))(()((((((((()((()))))))))))))(((()()())))))))))))))()((.()((((.()))()))))),()(..(..()))(((()(((.()()(()).).))((((((.((())))((((()..(((())))(()((((((((()((()))))))))))))(((()()())))))))))))))()((.()((((.()))()))))),0,0
GCUUCCAUGGGAGCAUAGUCAAUGGUCUGACCAUUCUCUAGGUCUCUGGACCCCCACUUGUAGAGCUUUGCAAUAGUCCGUUAUGUGAACGCGCUCGUUUGCACCACCAAAUCGUGUGAACCCUCUGUCCCCGCUGCAUUCGG,"{(21, 33), (22, 32), (23, 31)}",()....()((((()()(((((()(()))))).()).((())))))).(((...(((.)(()))(())((())())))))().()()(((.(()))()))(()).((..((()())()(((...).()))...()(())))()),()....()((((()()(((((()(()))))).()).((())))))).(((...(((.)(()))(())((())())))))().()()(((.(()))()))(()).((..((()())()(((...).()))...()(())))()),0,0
CGAUUACCCUGGCUUUCAGUACUUUCUUGAACUGACUUCGUCGGAUGAAGUACCGAUUCCUACUAACAUGCUGUGCUACAAUCCAGGCGGCAGGGGCACUUUGGAAGCUGACGGCGACGAAUUCCCGCCAGCUUGUUGGAUGUUGUCCCGUCCACA,"{(38, 46), (35, 49), (37, 47), (36, 48), (34, 50)}",.(())(...)(())((.)(((((((.(()))((((.((()(())()((((())()())..)((()(.()())))()()))))).)))()())(((((((((()))(()))(.((().()(()))).()((()((()())))))))))))))..))),.(())(...)(())((.)(((((((.(()))((((.((()(())()((((())()())..)((()(.()())))()()))))).)))()())(((((((((()))(()))(.((().()(()))).()((()((()())))))))))))))..))),0,0
GAUUAACGCUUGUAGAUAAAUAAUACAACCUCAGAUUGUAAAAGAAGUACAUGUACGGGCACUUUACUUAAAUUUGUACGUUGGCCACCCAGCGCAUUGAUGUUCGACCUCAAGCGGUCGGGGGUCCGCGUUUAUCUCGU,"{(108, 115), (104, 119), (107, 116), (105, 118), (106, 117)}",(.(()))()((())).()(()((((.((((((.))((()))(((((((((())()()(()(.)))))))((()))()(())((())))(((()()()))())))((((((.).()))))))((())()))))))).)()),(.(()))()((()))(()(((((()(.(((((.))(((().(((((((((())()()(()(.)))))))((()))()(())((())))(((()()()))()))(())..))))())))())((())(())))))).)()),17,44
UACACGAAUCGUUUAAUUAGGCCACUACUGAUAUGGUUGUUAUAACGAUCGACGUUCACCGGUUCUUCGACAUCUGGCCAAUUGGCGUCCCGACGGACCGUGUGUGGUUGUGGUAUUACCAUCAGUUGCCUAGUUGUGACCGU,"{(107, 117), (103, 121), (105, 119), (106, 118), (104, 120)}",.(.(()(()())))(())((())((()(()(())))))().()((((())((())(.))())))....(((()(((()))(((((())).())()((((((())))))))))))()()).().(())().()(((())))().,.(.(()(()())))(())((())((()(()(())))))().()((((())((())(.))())))....(((()(((()))(((((())).())()((((((())))))))))))()()).().(())().()(((())))().,0,0
CUGGAGACUAACGAUCGUUUACGACGUCCAUAUAGCAUCCUGUUCUACGGCUCGAUCUUUCCCCAGCUAAGAACGGAGAAAAUCUGCACACACGUUUAUACGUUCACCAGUAAUGAGUGAGUGGCCUAUUACUCCUGUCUCUAGUCUAUAUCGAUCGUGUG,"{(111, 129), (110, 130), (113, 127), (109, 131), (112, 128)}",(()((((((((((())))(()())()(.(()()(()()..)()(.((()()).(())(((....(()))))))()))((((().)()(.(.(())))()(())(.).(((()()((((((()(())())))))))))).))))))))()()((()())))),(()((((((((((())))(()())()(.(()()(()()..)()(.((()()).(())(((....(()))))))()))((((().)()(.(.(())))()(())(.).(((()()((((((()(())())))))))))).))))))))()()((()())))),0,0
CUCAUAAUAAAUCUUAACGCGUCAGAAUCCCCGGAGGCUCCGAAGUUAGCUAACACGGCUGUAUCCGGAUUGGCAGUCGAGCUGCUGUCUAGCGGCCUCAAUAAGUGUAACGUAUUGUUACAUGGCCUCCUAGCGCCACAUCUUUUCC,"{(106, 120), (107, 119), (108, 118), (109, 117)}",.(.)().()(((((()((())).)))((..(()))(()(.())(((((())))((()()))()((()))((((((((()(())))))))()()(())(.)()))((()((()()))()()(())))))).()()().(.().))))..,.(.)().()(((((()((())).)))((..(()))(()(.())(((((())))((()()))()((()))((((((((()(())))))))()()(())(.)()))((()((()()))()()(())))))).()()().(.().))))..,0,0
UACCCCGUAAGCUCCUCACGGCCCGGAGUAAACUCAGAACCGCUCAAGUAGACGACUAUCCGGAGCAUGCAGGGUUGCGCAGAAGCAGUUGUGAGGAGUCGAACUCACCAUUGACUCCACAGCCAGAUCAUGAGUCUAGGAC,"{(101, 110), (97, 114), (98, 113), (99, 112), (100, 111)}",.(..(()(((())((((.())((()).)()(((((.)).((()((..)()(.((.)()((()))()()))))))))(())))..().))((((((((((()).))).).())((.))))))()(.(())()))))(())(.),.(..(()(((())((((.())((()).)()(((((.)).((()((..)()(.((.)()((()))()()))))))))(())))..().))((((((((((()).))).).())((.))))))()(.(())()))))(())(.),0,0
CGCUUUCUAUUGGAGUCCGUGUUGCUUAUAGUUAGAGUAGAUAGCAAACAAUGGAGGUCGGCGCCUCACUUGCAAAUACCACUUCGCUGCGGCUUACACGCCGCGCGUGGCUAAUGGCGCGUUAUUAGCUGACCAGUUGAACUGACUCCGGACCA,"{(110, 127), (111, 126), (109, 128), (112, 125), (113, 124)}",.(((((((()()).)((()((((()(((()())))))))))()())))((()((((((.((()))(.).((()))())))(.))()))()(()(().))()((())))))(()())()()(((((((())(.)((())))).))))((())))..,.(((((((()()).)((()((((()(((()())))))))))()())))((()((((((.((()))(.).((()))())))(.))()))()(()(().))()((())))))(()())()()(((((((())(.)((())))).))))((())))..,0,0
CCCUAGGCCGGGGGAACAACUGACGUUGUCAUUCCACCGACGCAUGAAUCCGUCGCCUCCUGACUCGAGUCAACAUAUAGGAAUAAACAAAUUUUAUUCCAACCUCUGCAUCGCAGUAGAUUGCUAUAGUACCCUCAUAGAUGAAGACGAAA,"{(114, 121), (113, 122), (115, 120), (112, 123)}",.((()))(())((((((.(.))(()))((.()(..).()))()()(.())())()))(.((((((()))))).(.(()))))()...)((()))(()(((((..).))(()()(.)())()(()()()(())(((.()))())).))())..,.((()))(())((((((.(.))(()))((.()(..).()))()()(.())())()))(.((((((()))))).(.(()))))()...)((()))(()(((((..).))(()()(.)())()(()()()(())(((.()))())).))())..,0,0
GCAGUGGGCACGAGUCGUCUAAUGUACCACGUUUGCCUCCAGCCGACACAGAAUGUGAAGUAACGUGUGUCCUGAAGUCGCGACAUAGUCUAGAUUACUCGGCGUAACUGUCACGAUACCGGUCUUGGCUCUACAU,"{(100, 108), (99, 109), (101, 107)}",()(()((((((((()()))()(((())((())((()((..)()()((.(.).()))))))())())))))))(((((((()))((()((.(((()())(()())))))))(.)()(()(()))))()()))().)),()(()((((((((()()))()(((())((())((()((..)()()((.(.).()))))))())())))))))(((((((()))((()((.(((()())(()())))))))(.)()(()(()))))()()))().)),0,0
UAUGUGAGUUUACCUGGGACAACCGAUUUCGUGUCGGGUAAUCCAUAAAGGAUGCAGAGGGUUAAGCAGCUAUCCCGUGUUGCAUGCAGAGCCCCCUUGGGACGCGUCAACCACUGGAAUACGCGCCAGUGCCGCUUGAAAAUGGGAUGCG,"{(114, 127), (115, 126), (112, 129), (113, 128), (111, 130)}",()()().(((()((())))(..(((()((()(((()((()())))()((((.(())(.((((())()(()()))((()()(((())))).))))))))(((((())))..)((((((..()(())))))))))()(()))))))))())).,()()((.(((()((())))(..(()()((()(((()((()()))))))))))(())(.((((())()(()()))((()()(((())))).))))))(((((((())))..)))(())))()()()((.()()(()(())..())))()().,28,50
GGCUCAGGUUAGACGGAGAGUUAUAGAUGCUAGCGGUCAUGUAGGGUUGCUCAAGCAUUAUAGAGAUGCCGUCGGCGCAGGUGACUGGAAACCCUAUAGUGCCUGGGGAGGCACAAGUCCGCUGUGAC,"{(101, 110), (98, 113), (99, 112), (102, 109), (100, 111)}",..(((.)((()).)))....((())).()(())().((())()).((()(((..()()(()))))((((()(()(())))(((.)(((...))(()()()()(()))))(()((..)))()))))).),..(((.)((()).)))....((())).()(())().((())()).((()(((..()()(()))))((((()(()(())))(((.)(((...))(()()()()(()))))(()((..)))()))))).),0,0
CUGUUGCGCGUCAACCGUAAUAGACAACAGAGAUGUUUACCUUAGAAUGACGUCGACAAUCUGUAUAUUAGGCCACACUUGUCCGUAGUGCACUUAACGUGCAUGUCGUUUAUGGCACACUGUCCUCCAUGAAUGCUAACGCG,"{(103, 116), (104, 115), (105, 114)}",(((((((())).)))()())()((.(((((((()(((((..)())))((.()(())))())(((()()()(())))))))().()((((())))()(())()))))()))()((()(((.)))).(.(())))(()())())),(((((((())).)))()())()((.(((((((()(((((..)())))((.()(())))())(((()()()(())))))))().()((((())))()(())()))))()))()((()(((.)))).(.(())))(()())())),0,0
GCCUGCGACCCAUCAAAGUUUUGUGGGUGUCCUAAUCAACUCUAUCCCCCUUCAUGCGCCACUUGGUGACCUAGUAAUUCUCAGCAAGUUUCGCGCUGGACCGGACACCGCAUUUAUAGUAUGCGCCCUGAGAGCGGUGUCAAUGAUUACACC,"{(116, 129), (117, 128), (118, 127)}",().(()((.((()((((()))())))()))).((((.((.).)()....(((.)(()()((.)((((((.(())()()))(((()((()))(()).))))))(((((..()())(())))()(())))())))(()(())))()))))).)..,().(()((.((()((((()))())))()))).((((.((.).)()....(((.)(()()((.)((((((.(())()()))(((()((()))(()).))))))(((((..()())(())))()(())))())))(()(())))()))))).)..,0,0
UUUAAUUGGUACUCUGGUCCGGGCGGCCAGGAUUCACUACUAGGCUCCUUAAUUGGCGAACCUGUCAAGCUGUCCGGUCCGUUCGGAUGAUUCACGUAAUGAGGAUUGCUUUUCCACACUUGUAACAUUC,"{(100, 110), (101, 109), (102, 108)}",...(())((()))..(()).(((((())(((()(.))(((())())(((((()(((()((.(()(.)(())))(()))))()(()((()()))(())))))))))))))))((.((.(.)))()).)...,...(())((()))..(()).(((((())(((()(.))(((())())(((((()(((()((.(()(.)(())))(()))))()(()((()()))(())))))))))))))))((.((.(.)))()).)...,0,0
UCGGUAGGAACCCGCCACGAACAUAAAUUCUCAGAAGAGCAAACUCCAAACCUUUGCUAGGCGUGAAGACCCCCAGUAGAAAUCUUGCCUUACUACCACAUGAUAGUUCCAUGCAUACGCCGAUUUGAUG,"{(99, 111), (101, 109), (100, 110), (98, 112)}",(.((()((..))())))((..).()(()((((.))((.().(((((((((..)))()()))()((.((.)...(.))((((().))()))())()..)(())()))))).((())().()()())))))),(.((()((..))())))((..).()(()((((.))((.().(((((((((..)))()()))()((.((.)...(.))((((().))()))())()..)(())()))))).((())().()()())))))),0,0
AUUCAGAGCCCAGAGAGAAGUUUUAGUAAUGACAGGGCCUAUCUGUAUGAUGUAAACAUUGCGAACAUCGCAAACGUUUCAGCGCAAGUUUCGGGGUCAACUAAAACUCCCAGGGAUAGCCUGCUUUAUCUUCGCCCAAUUGCGACGGAAUGAG,"{(117, 126), (114, 129), (115, 128), (118, 125), (116, 127)}",()((.))()((.)((((((((((()(()()(.)(((())(()(()()()())()).)())()(..)()()))))()))))(()()((((((()((())..)())))))(((.)))()(().)()))())))((()(((())(().))).()))),()((.))()((.)((((((((((()(()()(.)(((())(()(()()()())()).)())()(..)()()))))()))))(()()((((((()((())..)())))))(((.)))()(().)()))())))((()(((())(().))).()))),0,0
CCUCUACAUUCGCUGGGACCCUCUGUCGAUGAUGCAAUCGACUCGGUGGCGUCACGAGGUCUUCAACAACUAACCCAAGAGGGCUGAGAGAUUAAAUGCCAUUUAUUGGCACGACAGGAAAC,"{(98, 108), (99, 107), (100, 106), (97, 109)}",..(.()(()((()((((.)))(.(((.((((.(())((())((())()()))))()((()))))).)))(()((((..).))())))))))(())()()(()(()(()())())(.))....,..(.()(()((()((((.)))(.(((.((((.(())((())((())()()))))()((()))))).)))(()((((..).))())))))))(())()()(()(()(()())())(.))....,0,0
UCGGAUCUCAUGCUAGUCGUUUCGAGAGGCAGAUAGGCAAGAACAUACGUGGGUGGCAACGAGCGCGCUUGUUGAGCUGUCGAUCAGCGAGAGUCUGUAACUGUGCCAGUACAGGAAACAUGAUG,"{(102, 111), (103, 110), (100, 113), (101, 112)}",(()).((((())(())(()(((()))))())))()..(..)..((()()))..().(.(()(((())))))(())()()(())((.()))(.())((().)(()()(.(()).)))..(())().,(()).((((())(())(()(((()))))())))()..(..)..((()()))..().(.(()(((())))))(())()()(())((.()))(.())((().)(()()(.(()).)))..(())().,0,0
AAGGCCCCUUGAGUUACAAGGGACUCUAUGAGUGGUACGCAAAACACAUGCGGAUCCGGAGAGACUGCAAGCAUGGGACACGAGGCCGACCGGUGUACUGCUCACCCGACUCAGUACCAACGGGCAUGAGUGUUG,"{(104, 123), (106, 121), (107, 120), (105, 122)}",....(((((()))(()(.((((.)))())))((((()())....))(())()(())))).)((.)(())(()()(((((.().)((()((())))()))())).)(()((((.(())(..())()()))))))).,....(((((()))(()(.((((.)))())))((((()())....))(())()(())))).)((.)(())(()()(((((.().)((()((())))()))())).)(()((((.(())(..())()()))))))).,0,0
AUGGAGGAGCCUAUUGCGCUCUCCUGUUUUCACUAUUACGAAAGUUUCCCACGUCGGAUUCUAAUGCCCGUGGGAAUGGAAGGCAUCAAUGCAAAUAACCCCCAGUCUUAUGCUGGGUCCAAGCACCAUACUCAC,"{(104, 112), (101, 115), (102, 114), (103, 113)}",.(((.((.())(()(()()(.(..()((((.(.)()()()))))(((((((())())((((()()()((()))))))))))(()()))()()))())))))..(((.(()(()(((()))))())..()))).).,.(((.((.())(()(()()(.(..()((((.(.)()()()))))(((((((())())((((()()()((()))))))))))(()()))()()))())))))..(((.(()(()(((()))))())..()))).).,0,0
ACGGUCUGGAUGAAAUGAACCACAGUAACCAACUUUCAAUCAGAGAUCUGAGGAUAGGCAGAUAGACCAGAUGGGGGAGAUAAGUCUCAAAAAGUAUUCUCUAUUUCGCAUAGACGGACUCGUCAAUAUUUC,"{(104, 117), (105, 116), (106, 115), (107, 114)}",.()(((()))().((((.(((.(.)().((((.))((.(((.))(()))))))().)((.)(()(.((.)())((((((.().())))....((())))))(()(((()().))())))))))))(())))),.()(((()))().((((.(((.(.)().((((.))((.(((.))(()))))))().)((.)(()(.((.)())((((((.().())))....((())))))(()(((()().))())))))))))(())))),0,0
CGCCAAGGAGCAUCCCAGAUGCGAUACAGCGGUCCGAUAGCCACGGGAAUAUGCAGACUGAAUUAAAGCCGGGCUCCCCUCUUUGACAGCUCGUAUGACAACUAUCCCACGUUUGGGGAACGUCCGUCUCAAUCCUG,"{(109, 121), (108, 122), (110, 120), (111, 119)}",.()(..((.()()))(.)(((()().))(()(((()(()().(.((((()()()((.))((())(((((())())....).))((.)(())()(()(.))))()))))(()))))(((((()).())))))())))),.()(..((.()()))(.)(((()().))(()(((()(()().(.((((()()()((.))((())(((((())())....).))((.)(())()(()(.))))()))))(()))))(((((()).())))))())))),0,0
UGUUAGUUACUGUAAUUCCACCGUUCGCUAUUCGCCAUCGGACACCUAUUAACAGGUGUUGACUUUAUGGCUCUGUUAGGGAGCCCGGCAAGUUUGCUUACUUUGGCCAUCCAAAGCAAGAUCGACCGUGAGAACGUGAAGCG,"{(108, 121), (110, 119), (109, 120)}",.()((())(.)(()()(..)(()(((()()(((()(()())(((.(()(())(.)))(((((.)((()(())((()()))))()(()))))((((()(()(((((())()..)))).))(())))))))))).(()))))))),.()((())(.)(()()(..)(()(((()()(((()(()())(((.(()(())(.)))(((((.)((()(())((()()))))()(()))))((((()(()(((((())()..)))).))(())))))))))).(()))))))),0,0
UUCCAUUGCUUCACAGUAAAUAAUAGGGAACGCGAUUCUGCAUAAGCGUCUUCGUUAACCAACCCCUGUAAGCAGACUUGUGACACUGAACCGUCUGCUCUACUAGGAUAACUACCUCCUGAUUGUCCGAGGUGUGCGUCAAUGUGUUAAAUAAC,"{(113, 132), (116, 129), (117, 128), (114, 131), (115, 130)}",((.((((()((.((.))))()))()(((((()()())((())().())))((.((())).)))).(((()(()(((.(((((.)))())).())))()((()(()))()((.)(..)((((())().()))))(())))))())))(())())).,((.((((()((.((.))))()))()(((((()()())((())().())))((.((())).)))).(((()(()(((.(((((.)))())).())))()((()(()))()((.)(..)((((())().()))))(())))))())))(())())).,0,0
UCGAACACGGGGCAUUCUAGUACCAAGGCGUUCCAUAUAGAACUAGUGCCCGAAACCGGAUAUUUUGCUUGCCCUCUUAAGGGUACGAUGAGAGUCUUUACAUAACUGUAGUGCGAUCUU,"{(98, 109), (99, 108), (100, 107)}",.()((.(()((()())))((())((((((()(.(()()((.((()))()(()((((())(())))))))(()(((((()))))()()())))))))))(((.()(.))))))(()()))),.()((((()((((()(.()(())(.((()()(.(.(())))((()))()(()((((())(())))))))(()(((((()))))()()())))))))((().())))))()(()()()))),25,44
GAACUCUUAUAUCCCUAUUGCAUAAUAAUCACGUCAUUUACGUGACAUUGAAUGCAAAAUGCGGAGCGUAAUAGGCGUGGUAGUCGAGCCGCUCGGUGCACUGCGGGACGUUCCGCGCGAGCGGACAUCGGAAAACGUUGAAUAGUUAAUAAGCG,"{(114, 121), (113, 122), (111, 124), (112, 123)}",...((((()()((((()((()()))()()((())(.((()()((.))(())()())).()())).)()()().)(())))()((())()(()(((((()))(((((((())))))))))))))))(()())..((())))..().(())().().,...((((()()((((()((()()))()()((())(.((()()((.))(())()())).()())).)()()().)(())))()((())()(()(((((()))(((((((())))))))))))))))(()())..((())))..().(())().().,0,0
UUAGCAGGCGGGAUUUGAUCAAUAAGAGACCAGUUCAAUUAUGGUGAUACUACGUCAGAUCGGUGAGAUCCACCCUUGGGACCCGCCGAACCACCGUGUAACGUGCGUGGUGCCUGAGUGUGCG,"{(63, 71), (62, 72), (64, 70)}",(())((((((((.((((()))()))(.(.)(((((((()())))()())))(())(.(())))((.(()))))))(((((.)))()()))((((()()()(())())))))))))).((())).,(())((((((((.((((()))()))(((.)(.))(((()()))(((.())(((()(.(()))))))(()))))))(((((.)))()()))((((()()()(())())))))))))).((())).,13,22
ACUAUUGUUUGGUCUCACUUUGUCCCCCUUGCCUCCGUUUUUCGUUACCAUUGCUGGCUGUGGCAGGAGCUAGCAAAUGGUUAAUCCAGUUAUCUAACAGAUAGUGAUAAGCGCCCCAGCGUUCUGUUACGUUGCUGU,"{(54, 71), (57, 68), (58, 67), (55, 70), (56, 69)}",(.)().()..(())..(.)..().......()..(()(((((()(()((()(((((()()))))))))((())))((((((()))).(()))).))).))(()((((()(()()...((())).)()()())))))).,(.)().()..(())..(.)..().......()..(()(((((()(()((()(((((()()))))))))((())))((((((()))).(()))).))).))(()((((()(()()...((())).)()()())))))).,0,0
UGCCACGCUAGAGUAGAAAGUGCACGGCGAUACGUAAAGACUGUGCUGAUUAUCGACUCUGCGAAGUUCACGUUAGGUUGUGGAGUACCUAGGACACUGGUGUAGAACAAUUUCGGCGCGUUUAAUUGCAUGUUGAAAGCUUAACCCUAUCUGCCAAUGAA,"{(75, 88), (73, 90), (74, 89)}",((((.(()()).)())..((()((()(()(()()()(((.))(()))(()(()()))))))().(((((((((())()))))))(()))((((((((()))))((..)(()))()(()()((()(((()()()()))(()))))))))))))()))()...,((((.(()()).)())..((()((()(()(()()()(((.))(()))(()(()()))))))().(((((((((())()))))))(()))((((((((()))))((..)(()))()(()()((()(((()()()()))(()))))))))))))()))()...,0,0
GACGCGAUGCGGAGCAAGGCCCAUACGAUCUGCUGAAUUGGGCGUGAAAUGGCUAGUCGAAGGAUACUAUCUUUGUCUAGAGGCGGUGCGUGACAUGAAGGUCAUCUCAUGGCUCCUAAGCCCUCUUUG,"{(60, 72), (61, 71), (59, 73), (62, 70), (63, 69)}",.(()()(()()(.((.((())(.()()()((()()(())))())))(((()((())(()).((.())())))))(((()))(((((()()().(())(((())().)(())())))().))))))))(),.(()()(()()(.((.((())(.()()()((()()(())))())))(((()((())(()).((.())())))))(((()))(((((()()().(())(((())().)(())())))().))))))))(),0,0
ACUGUUCCCCUUAGUUUACGUUAGAUCAACGAAAUGACUGCCUUCGGACUAAUUUGAGUUUCCGAAAUAAUUCGCGAUCGGACUUUGAACCCCCAUCCCAGCGGGCCAGCGAACACGGACAAUCCCCAGC,"{(58, 69), (55, 72), (56, 71), (57, 70), (59, 68)}",..((((...((()(((((())()(())))()((()((.)())))()(((((())())))(((()((()(())()()()()(.)))((..)....)(..(.)()(()))()))))))))).)())...)(),..((((...((()(((((())()(())))()((()((.)())))()(((((())())))(((()((()(())()()()()(.)))((..)....)(..(.)()(()))()))))))))).)())...)(),0,0
UUGGUAUGUCCGUCAACAAUUCCCGAAAUUCCGAGACCUAUGUGUCCAAUCCUGAAGCGACACGAGCUAGAGAGCUCGUCUUCGAAAGGUGUCCCGACUAAUCCCCGUCCUGUCCGGAGCGAUCGUGGGACCGUA,"{(68, 80), (69, 79), (70, 78)}",(()((()((.()(.)))(())((()((())(()((.).()))))(.((()..))).())))((((())((.((())()(.((())))(((((..()))())))))())((()((()))(((())))))(.))))),(()((()((.()(.)))(())((()((())(()((.).()))))(.((()..))).())))((((())((.((())()(.((())))(((((..()))())))))())((()((()))(((())))))(.))))),0,0
ACGUGAUCAUGCCCGAAUAAGCCUACGCCUAGGGUGCUCUCACACCCAUGAGUGCCUCGAAUCUAACGCUCUAGGAUCGUUCUGGUGCACCGACUAUGAAUCCUUUGCUUGAGCUUGGCUAGAGCCUUAGAGCUC,"{(66, 78), (67, 77), (65, 79)}",(())(())()()..(((()(()(()(()(()))))()).))(.(.((())(((().(()))(.())()))(())(()))))(((((())))((.)()((()..)((()((((())()())))))))(())))...,(())(())()()..(((()(()(()(()(()))))()).))(.(.((())(((().(()))(.())()))(())(()))))(((((())))((.)()((()..)((()((((())()())))))))(())))...,0,0
CGCGCUACGGAUUCGGCAAGUCGUGCGCAUUGGACCUCCGUCCUGUCCCAAUCAGAAGAGCGCAUCUCAUCGCAAGCCUUCUAACUUGCUAACCAAAACAGCUACAUAUAGUCCCAUACCGCCGUCUGAGCCGA,"{(59, 72), (60, 71), (61, 70)}",.()()((.((.((()()))((.(((()))((((.))(.()(.((((...)())))))((()()().))()().))())((.(((.))()())..))).)(()()(.(()))))).(()..()()).)(.())).,.()()((.((.((()()))((.(((()))((((.))(.()(.((((...)())))))((()()().))()().))())((.(((.))()())..))).)(()()(.(()))))).(()..()()).)(.())).,0,0
GGUAGAGUCAUUCGGCAAUCAAGCAGUAAGCCGUUCCAAGUCUGUAAGGUCGACUGCGGAGAUGAAUCUCAGUUCAAAGCUGGAACAAGGCAACGAGGUAAAUGCACGGAUAGCGUACAGCAGACGAAAACAGGCUGCCAAUGA,"{(64, 73), (63, 74), (65, 72)}",..()...((()(((()((((..)(.)())()())))(.((((()().(())))))())))))()..((((.)(((..(()))(..)))(()..)).))()..()(.()).()()(()).().(.)(...((.)())()).()..,..()...((()(((()((((..)(.)())()())))(.((((()().(())))))())))))()..((((.)(((..(()))(..)))(()..)).))()..()(.()).()()(()).().(.)(...((.)())()).()..,0,0
GGAAUUACUGUGUCCUGAACCUCAGACCUGGUGCGGCGUAGGUAAGCAUAUAAGCCGACGUCAAUCACGAAAUUGUCUCUCGUGUCAAGUUUUGUGGUCCCUUGACCGGGUAAAAUGCGGUACCUUAUGGAAACAGUGU,"{(67, 81), (68, 80), (66, 82), (69, 79), (65, 83)}",..(()((((((()((()((((((.)(((())()()()))))))((()(()()(().((()))(()(.().(()))).)((()(().))))))())))(((((())(()))()((()(()(())))()))))).)))))),..(()((((((()((()((((((.)(((())()()()))))))((()(()()(().((()))(()(.().(()))).)((()(().))))))())))(((((())(()))()((()(()(())))()))))).)))))),0,0
GUAUUCGCAAAACUCUACCCAUGAGCAGUGUUUACAUGUCUAAGGGUAUGUGCAUAUUGACCUGGACGGUUAUAAGAACCGGUGUUGGGGGCCUGCAUACAUAAGUAAUCACUCUAGCGGUAGAGAGGCCGUAAUUCCAUUCGAGGGGGU,"{(71, 84), (73, 82), (72, 83)}",.()(((()..(((((()(((.(((()((()))()(())))())))((()((()()()()))(())))))((()))).((()))))))))..(((())()(.().(()()).(((())()())).).))((()(())((()(())))))(),.()(((()..(((((()(((.(((()((()))()(())))())))((()((()()()()))(())))))((()))).((()))))))))..(((())()(.().(()()).(((())()())).).))((()(())((()(())))))(),0,0
AGCCCGGGGGUGACCUCCUUGCGCCCCAAGAAUCCGCUUAUAGAGCGAAUAAUGGAUUGGAGAAAAUUAAGUCUCCUAAUUGGGCCCGUCCUAUCAACGAUGCUUUUUACAGUCCAAGGAAUCAUGCAAUCCAAUACAUUGGUCGG,"{(66, 78), (67, 77), (64, 80), (68, 76), (65, 79)}",.()(((((((().))(((((()().((.((.())().)(())).())))()())))((((((.((())((().)..)(())((()))()..()))((()()()))))()))((((..)))()))(())())).(()(()()))))),.()(((((((().))(((((()().((.((.())().)(())).())))()())))((((((.((())((().(..())))((()))()..()))((()()()))))()))((((..)))()))(())())).(()(()()))))),4,8
UGCUGGUUGUUCAGCACUCAAACGUGCCCAUCCCCGUGCGUGACGAAUAAGGCAGCAUACUUAAAGACGUUAAAACGCGAACGUGCUGGCGUAUCACAGCAUCCGGUCAGUCGCGGUUACCAUAGCUAACAAGCUACAGCAUAUCCAUUUCAGUGCCA,"{(74, 91), (76, 89), (77, 88), (75, 90)}",.()(((((((((.()(((.)((())()..()...())()))))()).().(()(()(()((())((.)((())..)()(.(())()(((()()))))(()()(()))(.))(())))).))(()())))(.(()()((()((()..)))(.))))))),.()(((((((((.()(((.)((())()..()...())()))))()).().(()(()(()((())((.)((())..)()(.(())()(((()()))))(()()(()))(.))(())))).))(()())))(.(()()((()((()..)))(.))))))),0,0
ACGGGUCCACAUAUGAAGAUCAAUGUGGUUGGGAGACUGGCACUCCUGCCUUAAGACAGUAUAAGCAUGUCCCCUUCAUGAGGGCGCUGCGUGAAUAUCCGCGGAGAGAUUGGGGGUAUCAGGUUCCCAAGCUCUGACAGGCGG,"{(73, 82), (74, 81), (75, 80), (72, 83)}",.().((((.((()))..)()(.())((((()((.(((((()((((((()((())))(((()().((())))((((((()))(((()))()()(.(()))()))).).)()))))))()))))())))))(()))().)))))..,.(((())).(.()((..(()(.())()((((((((.))(().))))(()((()))((.)()))))(())((((((((()).)))()((()()(.(()))(())).).(()))))((())))(())))))(())(((.)))())),44,80
ACUCGCGUUUCGCGAAGACAGGGGUGUUUCCCCCAAUGGUGAAGCCAUAUCAGGGGGGUGCUGCAGUAUAAAUCAGUCCGGAUUAAUCGGACCCCGCAAGACCGUAUUUGAACGAUCCGCCCACGUGCAUUCUCACUGCAUUCUAG,"{(78, 88), (79, 87), (76, 90), (75, 91), (77, 89)}",..((()()(((()))))).((((((()((...((.())()))))))(()))((((((((()(())(()()(()(.))).((()()()()(.)))(()..))))((()(())))(())())))(()(()))).))(.(())))(()),..((()()(((()))))).((((((()((...((.())()))))))(()))((((((((()(())(()()(()(.))).((()()()()(.)))(()..))))((()(())))(())())))(()(()))).))(.(())))(()),0,0
AACAAAACCGCUGCGACUCUUCCUCGUGACUUCGAUCUAGAAUACCUCAGAUGACGUAAAGCCUUUUCUGCAUGACUGAGAUGGAAUUAGUUCCUCGUAUUACCUUCGAAGAAAGGAGAAAUUGGCCUUCCGAUCGUAGUUU,"{(74, 90), (76, 88), (75, 89), (77, 87)}",.(.((((..())(()(.)))(((((()))(((())((()))()((((.))())(()()((().))))(()(())(.))))())))()()()((((()(()().(((()))))).)))(((())(())))(()()()())))),.(.((((..())(()(.)))(((((()))(((())((()))()((((.))())(()()((().))))(()(())(.))))())))()()()((((()(()().(((()))))).)))(((())(())))(()()()())))),0,0
GAACCCAGAUAUACUUAUACAAGUUCAAUUCGCAGCGCCAGAUCUCUGUAGAAUUAACGUGUUUUAAAAUAAAGGACGCCUGCAGAAGCUGGCAACAUAAGCGUUUAACCUCGUAGGGCUUCCAUGG,"{(60, 69), (59, 70), (61, 68)}",..((((.)(()()(((()).).(((((())()((()().((())).))())(())))))))(((()))())..)(.)()((()))((())(().((.().()))(())(((()()))))))((())),..((((.)(()()(((()).).(((((())()((()().((())).))())(())))))))(((()))())..)(.)()((()))((())(().((.().()))(())(((()()))))))((())),0,0
UUUCAUAAAGUGACUAAAUUGUCCGUACUGUCAGCUGAAACCUCGUAUCCACGUACCGCUUGAACCUGCUAGGGGCAGCAGCGCCUUGUGUUUACGUGCCAGAACUUAGGAUUCAGUGAUACCCAGCCGGGAUAGAAGAAGUCCCGGGGGACUG,"{(72, 84), (73, 83), (71, 85), (70, 86)}",(((.()))((((((()(()))))(()(((((((())))..)(((((((.((.(())(()((((((((()())))(((()((()).)())))))(())()))(.(((()))()))))))))))((.()()))().)).)).))((())))).))),(((.()))((((((()(()))))(()(((((((())))..)(((((((.((.(())(()((((((((()())))(((()((()).)())))))(())()))(.(((()))()))))))))))((.()()))().)).)).))((())))).))),0,0
CGCCAAGCGGUGCAUUUACUGAGGAAGCACUGCGCACGGAGGUUACUGAUGCUUGGAGAUUACCAUUAAAUGUAACUCUUUCUCCUGUGGUUUUGGCGCACAGUCUGCCUUGCCUUAAAUCGUACCGUU,"{(63, 71), (64, 70), (65, 69)}",.().(((((((())((()(()(((((((((((()))())((()()(()())))))(((()()).((())()(()(.))))))).((())))))))(())).)())))).))().(())().(())()..,.().(((((((())((()(()(((((((((((()))())((()()(()())))))(((()()).((())()(()(.))))))).((())))))))(())).)())))).))().(())().(())()..,0,0
UUGGCCAGCAGCCUUGGCCACUCAGCCGCCGACAAACUUACUAGGUAGACCGAGACGUUUGCGCGCGUGACUUAACACGCUCUGUUGUUGUGGACGUCGCGUCAUGAGAUCUUCCGGUAGAAACAUAGUACGGUCGCCCCGGCACAUCCGUAUUUC,"{(76, 82), (74, 84), (75, 83), (72, 86), (73, 85)}",..(()((()(().)))()((.)((().()(((((((.)(((())(()(((()(((())))((()))))(.)(()))(.())))))))))))))(()(()()((()(((())))(())())))(.((((())(((.().(()).))())())))))),..(()((()(().)))()((.)((().()(((((((.)(((())(()(((()(((())))((()))))(.)(()))(.())))))))))))))(()(()()((()(((())))(())())))(.((((())(((.().(()).))())())))))),0,0
ACACCACAGUUACAGACUCACUCGAAAUGCAUUCGAGUGUGUGUCCCUUCCUUUUAUCGCGCUUAUAAAGAAGCGCCCCACGGUUAGCCUCGAGCCCUUCCUCAGUGAAGGCCAUUCCCAAUUUGGGUUGCACAGCAGUAUGUGC,"{(61, 72), (62, 71), (59, 74), (60, 73)}",..(.((((((().)((.)((((())(((())))((((((())))...)(..((((().()()((()))))))(())...)))))()))))()(()..)(.((.))(((((())()).(((())())))(())))()))())))(),..(.((((((().)((.)((((())(((())))((((((())))...)(..((((().()()((()))))))(())...)))))()))))()(()..)(.((.))(((((())()).(((())())))(())))()))())))(),0,0
GACUUACGCGCGUCAUAAAGUGAGAGGUGCGCACUACACAAGAACGUAUGGUUCGGGAUACAUCACCCAGCUGACGGGUUUAGCUGUAUGACUCACCGACCAUUACAAAGUCACUCAGCAUGCUGCGACAGUGCCGCACUCUAGUCGCAAAAGCA,"{(76, 92), (75, 93), (77, 91), (78, 90), (79, 89)}",(.((()()()()((.()..()))(.((((())))())((..(((())()((((.(((()(.((.)((((())(.))))))((())((()((.))))())))()())))(((.)))((((())))(()((.))()))).)))()))()))...)).,(.((()()()()((.()..()))(.((((())))())((..(((())()((((.(((()(.((.)((((())(.))))))((())((()((.))))())))()())))(((.)))((((())))(()((.))()))).)))()))()))...)).,0,0
GGCUCCGAUAAUUCCUCAUCCCACCGGUAUCGGGGUCGAGGUACUUCCCUAUAUGGGGCGUAUGUCCUAGAGGGUAAUGCGGGAUCUAGCCGCCGGAAAUAAAGAAAUAUCAGCCACAGUCGUUGGU,"{(56, 65), (57, 64), (58, 63), (55, 66)}",.()(((((()()))(((()(((((()))()())))(())))()((((((((())))))()(()().(())))))()()()))))((()()()(())..()...))(()()(.()((.(()()))))),.()(((((()()))(((()(((((()))()())))(())))()((((((((())))))()(()().(())))))()()()))))((()()()(())..()...))(()()(.()((.(()()))))),0,0
GAGUAAAAUCCUCAAAUAUGGGAUCCUCCCUUUCCCCCAACUUGACCCAACUUUUCCGAAAAAAGAUUCGGUUUCAUAGCGGGGUGUGCAGUUUUCUGACACGCACGCGUUAGGAGCGGCGAGUAUC,"{(58, 67), (55, 70), (56, 69), (57, 68)}",(((()..())(((((()()(((())))((((((....(((.))))...))(((((.()))))(((()(()))))(.()()))))((())))))(((((.))(()((()))()))))()())))())),(((()..())(((((()()(((())))((((((....(((.))))...))(((((.()))))(((()(()))))(.()()))))((())))))(((((.))(()((()))()))))()())))())),0,0
AUGGCAUGUAUAACAUUAAAUCGAUUGUUUCUGAGUGAUGUCUUGCGUAGCGCUGAUUCACACGGGACAUCCCGGUGUCUUCCCACGUAACAGGAGUCUCCACUGGCUACGAGCUCUUUUAAACCACA,"{(67, 76), (68, 75), (66, 77)}",()(((())()()((((())((()))))))).((((()(())))((()(((()))(()(.))(()(((.().(()())))((...(()))))((((().))((.))()()()(()))))(()))).))),()(((())()()((((())((()))))))).((((()(())))((()(((()))(()(.))(()(((.().(()))())((...(()))))((((().))((.))()()()(()))))(()))).))),2,6
UCAGCCUAACGCGCGGUAUAGGGGCAAUAGUCUUUAAUAUAAAGUAUCCACAGCUUUCUGGAUCUCGACUUUGCCUCUAUAGUGGUAUAUGCCGAUUUACACUUGAAAUUCCCUCGGGGGAAACCACUGUGUUUUCCGCUAAGUAGACGCACCGAGCAUAUCGAUUAUCAGACGGUUAUGCAUACAACUUUUGUUACAAUUGAGUUCGUUGUACAGAAUAUACCUAAACACGUGGUUUAAUAAACCGUCUGGUCUGUCGCUCAGUACAUUGACC,"{(45, 62), (48, 59), (49, 58), (46, 61), (194, 212), (197, 209), (195, 211), (196, 210), (47, 60)}",..(().)((()()()(()()(((((((()((.((()(()))))((()..))(()))).))(())(()))))()))).)()((()((()()()((())((((.)(((((((((((()))))))(.((.()))))))).()())))))))()(((((()()()()()()))((((((((()()()((((.))((((()((())))((((()((()))))(()))))()))((()))))(()()))))))))))))))().()((((())())))..,..(().)((()()()(()()(((((((()((.((()(()))))((()..))(()))).))(())(()))))()))).)()((()((()()()((())((((.)(((((((((((()))))))(.((.()))))))).()())))))))()(((((()()()()()()))((((((((()()()((((.))((((()((())))((((()((()))))(()))))()))((()))))(()()))))))))))))))().()((((())())))..,0,0
GCCCCUUUUUUAAACCCAUCCGAUGUGCCGCGCUGGGUUGUCGCUCCCCCAGCGGGGAGCGGCUGAUGCCUAGCUGGGACUUAUGGCGCGUGCUUAUCGGGUGCGGCCUAGAUGAGAUUAACAUGUGUACAGAGCAUGUGGUGCUUGCCUUCUACGUCUAAUAGCAUUACACCUUCUUCACGAUACCGUGAAUGGUGGUGGAACCCUAAACUUGGGGAUUCGGAGGAUGGUCUGCGGGCUGAGGGAUAGGAUUUGUGCCAAA,"{(185, 194), (184, 195), (46, 55), (187, 192), (44, 57), (186, 193), (45, 56)}",()((((((((())((((()(()())(()(()()(((()()))()(((((((()((((((()((()()))))(())(((.)(()()(()()(()((()()))()()()(())(((((())(((())((()))((((())()(())))()))).()()))())()()())))))))))((.)()()))())).()))()()))))(((()((.))))((())))))))())((((()))))))))))().))()(((()).)).,()((((((((())((((()(()())(()(()()(((()()))()(((((((()((((((()((()()))))(())(((.)(()()(()()(()((()()))()()()(())(((((())(((())((()))((((())()(())))()))).()()))())()()())))))))))((.)()()))())).()))()()))))(((()((.))))((())))))))())((((()))))))))))().))()(((()).)).,0,0
AUAUAGCCAUCUUACGUGGCAGGCCUGACACUGAUGUAGUCCUGAGGUAAGGGACUCGCAUUACCCCAUAGCUCUGGCCACCACGACUGGUUGCCACGAAGCACCGCCUCAGCCACAUCGCAUGAAGGAAGGAAGACAAUAGCGCCAACUAUUUUCGCCCGGAGUCCAAUUGCGCUUAUAGGCCAUCAUCCUGGCGGUGGAUUCGUCACAUUUCUUUUAAAGGUCCUUACAUAAUCUUUGUAGGCUCCUCUACUAUAGCACAUAGCUAAAAGUACGGUGGCAUUAGUU,"{(198, 213), (47, 62), (199, 212), (48, 61), (49, 60), (200, 211), (46, 63)}",(()()(((()((((())(()((()))((((.))()(()((((((.((().((((.))()()()))))(()()))((()))..)()(.)))((().)()))()(..((((.(()((.(((()()))(((((((((((.((()()().((.()))))(()(()).))).(())()()(()()(())()(()((())()()))))))((.))()))((((())))))))(().)()().))))))))))))))()((())))).)()((()...)())))((()()))))),(()()(((()((((())(()((()))((((.))()(()((((((.((().((((.))()()()))))(()()))((()))..)()(.)))((().)()))()(..((((.(()((.(((()()))(((((((((((.((()()().((.()))))(()(()).))).(())()()(()()(())()(()((())()()))))))((.))()))((((())))))))(().)()().))))))))))))))()((())))).)()((()...)())))((()()))))),0,0
UGCCCGCUGGUUGGAUCCGGAGGUAUUUCGUCUCGAUAGUCGCCAGAAUACGGCGUGUUGGGAGCACGUUGCCUAGGUGUGACGAAGACUAAUGAAUACCCAUUGAAGACCCACCGGGGACUCGUACGGACUGGACUUACGAGGACGGUUGGUACGUAGAUGUCGCCAUUUUCUGAAAAAGAUGGAGUUCGUGCUAUACGCCUCCCCGCGGCGUGCUGGGCGGCACGACGUGUCGCCUGACAGCGCGGGGUAGGAAGAUUAGCGCGCGACGGCAACUCAUAUCUAGG,"{(60, 72), (211, 226), (61, 71), (214, 223), (59, 73), (212, 225), (213, 224), (58, 74)}",()(((()((((())())))).))()((((()((())()()(()(.).(()()((())))))))())(((((((())())))))))((.(()())..()(((.(())((.)((((())((.)(((()))).)))((((()()))((()((()(()()()(()()()))))))))((....((()(((()))()()()()())))((((()))()()(())()))))()(())))(()(((.))(())))))())(..(()()(()()().()()..)))(())))...,()(((()((((())())))).))()((((()((())()()(()(.).(()()((())))))))())(((((((())())))))))((.(()())..()(((.(())((.)((((())((.)(((()))).)))((((()()))((()((()(()()()(()()()))))))))((....((()(((()))()()()()())))((((()))()()(())()))))()(())))(()(((.))(())))))())(..(()()(()()().()()..)))(())))...,0,0
GUAAGACAUAGGCCAUGCUUGGCACGCAUGUCAAGCAACCUAAGGACACCCCCUUAGGGGUUCUAUAAUGAAAAUUGCUGCUCCUUUUGGUAACCAAUGGCCUCUACUGCUAGUUCGGUCGCUAACCCAGGAAUAUUCUUGAAUAUACGAGACAACGAUUGCUGGAAGGUUCGAUGUACACUCUCGGUCGCGUUACAAUGCGCGGACAGCGCAUGUCUGACUAGGCCGCUGGCAGGACUCUUGAAUGCAUUGUUUUGAACAGUGCAAGCGACUUUAUCAGAUGUGCAAUGUAG,"{(204, 216), (48, 59), (49, 58), (50, 57), (202, 218), (203, 217), (47, 60)}",.().(.)()((()(())))((()((()()))))(()((..()((((.(..((((())))))((()()()))((())())())))))))((().))(()(()))((((()(())((((((.()())))((((((()))))))((()()()((((((()())()))((((()(()()(()))))((()(((()()()(.()(()))))))()()()))))(((())(((((())).)).)))(()(((())))))))))))((()()(((().)))(()(.))))(())())))),.().(.)()((()(())))((()((()()))))(()((..()((((.(..((((()))))(((()()())))(())())())))))))((().))(()(()))((((()(())((((((.()())))((((((()))))))((()()()((((((()())()))((((()(()()(()))))((()(((()()()(.()(()))))))()()()))))(((())(((((())).)).)))(()(((())))))))))))((()()(((().)))(()(.))))(())())))),2,4
CCCGCUGUCGCGAAUUAUAGUAUGCUUGAGGCGAAACUAGGGCUGAGCAGGACGAACGCUCAAACCGUCUCGCAUCAAAUUAGAACGUGAGAGUCGGGAGCGCCAUGCGUAGAACUGACGUUGUUUUCGCUCUCUUGCUCAAUUAUUUACAAUUCAUCGAUUCAGAGUAAGGUAGUUUCGUUAUUAGCGAGAAAGUCUCUUCGGGUUCACUUACCCCCGGAUCUCAGAUCGCCGGUAGUCUAGGGAAAGUUCAUCCUAUCGGCAGGCCUCUGGGGAGACGCAAAUC,"{(196, 203), (50, 68), (53, 65), (194, 205), (51, 67), (52, 66), (195, 204)}",.((()(((()()((((()))()()((()))()(((((())(()()(()((((()(((((((..((()((((().((..()()))(())))))))()))(((()(())()())..)))(())))))))())).))))()))(()())))))(())(()()()((.)))())))()((((()((()()()))((((().)(((()(()(.))(().(((()(())(.((((()(())()))))))))))))))))((((()((()((())))()))).))().))()),.((()(((()()((((()))()()((()))()(((((())(()()(()((((()(((((((..((()((((().((..()()))(())))))))()))(((()(())()())..)))(())))))))())).))))()))(()())))))(())(()()()((.)))())))()((((()((()()()))((((().)(((()(()(.))(().(((()(())(.((((()(())()))))))))))))))))((((()((()((())))()))).))().))()),0,0
AAGGUGGGCGCAUUUUUAACAAUUUUAUCGGGGGUUUCCCAUAUCUACAUCGGAUCUGUCGCUCCUUGAUAGAAUGCACAUAGGUUUCCCAACAUGCACGAUUGACCGUCUCGAGUUUCAUUAACGUGUCGAUCGAGUUCUCGCGCGCGGCGGGAAGGCAUCUAACGCCAGGUCCUCGUAAAAUCGUGGCGGUGGCUGUUGGACUAAGGUCUUCGUAUUAGUCGAGAAGAGGAAAGAAUUUGGCUGCACGCCCUCUGCGUCCAAUGAUGCUCCUUACUUACAAGAUGCCUCUUGGAAAGCCCCUG,"{(57, 69), (213, 225), (212, 226), (210, 228), (56, 70), (55, 71), (211, 227), (54, 72)}",.((()((()()()))(()))(()))(((())((((((..(()()(()(()())((((((.(((.((()())))()))))())))((((((((((()((()()))(.())((()))((((()()(())()((())((()))(()()()()()))))))((()(()((()(.(()(((()())(()()))))))))))))))))(.)(((())))()(()()()())))))((((((((())((()(()))))..)(()()(..)())()())..)())(().)((()()))))))))))()))))),.((()((()()()))(()))(()))(((())((((((..(()()(()(()())((((((.(((.((()())))()))))())))((((((((((()((()()))(.())((()))((((()()(())()((())((()))(()()()()()))))))((()(()((()(.(()(((()())(()()))))))))))))))))(.)(((())))()(()()()())))))((((((((())((()(()))))..)(()()(..)())()())..)())(().)((()()))))))))))()))))),0,0
GCAGUUAGACAGUGGCUGCCCGCUUCGCUCGUCAAAUGUGGAAUACGCGGGCCUCGCAACGAAAUGGCGAUUCCUAUAGACCGACGACCAAAUCUCGCAAUAGCCUUUGGCGGUCACAGGGCUAGGAUCCUUCCAGAAGAUGUCGAUGGACUCAAUCAUUAGAAGAGGUUAGCUCACCUGAUCGUAAAUUGAACCUCAGUGUCCAGUACUGAUGGACGGCUCCGUAUUUAGAUACACUAUACACUUACGCGAUGGCAGGCGAGGGUACUGCUGGCCUUACUCCUUU,"{(202, 214), (203, 213), (60, 72), (61, 71), (201, 215), (204, 212), (62, 70)}",()(((()(((.))(()())).()((()((()(.))())()(.()(()()(()))())))())(()((().(((((()))((((.)(.)(..()((()(((()().))())()((.)))))()()))()((((.(.))))())(())))((.))))((()()))((((((()()(.)((()((()())()))(((((((()()((((())))()(((()())))))()(()(.()))(()()((.(()(())))))(.)()))))(()))()))))))()))))))),()(((()(((.))(()())).()((()((()(.))())()(.()(()()(()))())))())(()((().(((((()))((((.)(.)(..()((()(((()().))())()((.)))))()()))()((((.(.))))())(())))((.))))((()()))((((((()()(.)((()((()())()))(((((((()()((((())))()(((()())))))()(()(.()))(()()((.(()(())))))(.)()))))(()))()))))))()))))))),0,0
ACGACUUUUCCUAACAAUAGUUCGUUUCCAGUCCUCCAUCUAGAUGAUACGUCGACGAUUUUCUGUCGAUUUAAUACGCGGGAAUGUUCGCAAAAAAAUAGUCACUUAGGACUCGAUUUACUGAGAAGAAGUUCUUUUUGCGGACGUGUUAAGAUCGGAAGAAAUGGUUUGUUCCAGGCCAAAUUACGCCGCCUGCAAGACGAAUUCACGUUUCUUCGCGUUUGAAGAAACGCUUCUUUUCAAUAUAGAUCGAGUGCACUCUAGCUAUCAGUCACUCACCACGGUUAAA,"{(63, 77), (65, 75), (211, 228), (214, 225), (215, 224), (212, 227), (213, 226), (64, 76)}",.()(.)((((((((((()(())())((.(.)(..(.((((()))))()(())()(()())((.()(())((())()(()))(((()))()))))))((()((.))))))((((()()(()(().))))((()).)))))()))(()))(())(())(((((((()(()((()(.(((())((((((.()()..)()))(.)((()))(()))).))()()((()))))))()))))))((.)(()()(()()(((())))(())((().))(.))).)))(()())))),.()(.)((((((((((()(())())((.(.)(..(.((((()))))()(())()(()())((.()(())((())()(()))(((()))()))))))((()((.))))))((((()()(()(().))))((()).)))))()))(()))(())(())(((((((()(()((()(.(((())((((((.()()..)()))(.)((()))(()))).))()()((()))))))()))))))((.)(()()(()()(((())))(())((().))(.))).)))(()())))),0,0
CCUGCAGGGCUCACGCGAAGCAACAUCGCGCAUCAAUGGGGAACAUCGCACCAGCCCAAGAUCCGAUAGGAUGAUCUAUUCCAUCAAUGUAAGCCGGCGUGGUGAACGACAGGUCUCCUUCUCAACUUUAUGAGAGAGCAGGUAAAUGCGAUGCACGCUGUCGUACUAUAUAAGGCGUCAAGGUUAUUGUUUUUUCGGAAUCGAAGGGAGUUGCCAUUUUCAACUGAAGAUGCCGCGCUAUUUGCGAGUUGUACCGCAGCUUGAUCUUGCGAAGAACUACUCGCAA,"{(68, 75), (66, 77), (65, 78), (210, 222), (208, 224), (211, 221), (67, 76), (209, 223)}",(((())))()(.(()()((()(((((()()(()((((((((..)()()).))(((((..(())()().))())())))))((.((.())())((()()))))((..)(((.((((((((((((.(.)((()))))))())))())()()))(())())))))(())((())))))()(.))(()()))))))))(()(.()((((((((())())())((.))))(.((()()(())))()(()()(((((())(()(())((())((())))))))))))))))),(((())))()(.(()()((()(((((()()(()((((((((..)()()).))(((((..(())()().))())())))))((.((.())())((()()))))((..)(((.((((((((((((.(.)((()))))))())))())()()))(())())))))(())((())))))()(.))(()()))))))))(()(.()((((((((())())())((.))))(.((()()(())))()(()()(((((())(()(())((())((())))))))))))))))),0,0
UGACUAUAAGAGGGAAGAUUUCGGGACCGUCACUCGUAAUGUAAAGCGCAACUUAUGAGCGCUUUUCGGGUGACCUGCAUCCCCCGUUAAACCAUGAAUGACACCCUUUUGUGGAAAGAUCAUUUUUUGUCCUGUCACCACUAUCUAGGGCGUGGCACUCGCAUUCCGUUCUGGUCAAACCCAGAAGUGGGGGUUUUCUAUUCAAAUGGUUUGUGGCAAAGGCGCGAGCUAUACCGAUAAAGGCGCACCACGAACAUAAACCCCAGUAACGUGGC,"{(44, 62), (47, 59), (187, 199), (45, 61), (48, 58), (186, 200), (188, 198), (46, 60), (185, 201)}",((.)(()))(.(((..(()((.((((((()((.)()()()(()(((()(((.)()))((()))))))))))((..(()))))))()(()))((()).()))).)))(((()()(.(((())()))(((((.(((((((((.)()(()))())))()))(.()()((()(((())(((((.((.(((()((((()))))())))..()))))))()()))))()()(.()(()))()()))))(()))).)())))()))))(((.)()(()))).,((.)(()))(.(((..(()((.((((((()((.)()()()(()(((()(((.)()))((()))))))))))((..(()))))))()(()))((()).()))).)))(((()()(.(((())()))(((((.(((((((((.)()(()))())))()))(.()()((()(((())(((((.((.(((()((((()))))())))..()))))))()()))))()()(.()(()))()()))))(()))).)())))()))))(((.)()(()))).,0,0
AUAUAACCGUACAAUAGAUUGUAUGGCCAGCCAUACGUCCGCCGACUUAGCAAGUAGGCUCUACACUUGGUAUACCCUCGGUAUCUUCAGUAAUUUUCCCAAUCUCCCUGAUCGUAGCGCAUCCUACUUCGCAGACAGGUCACCGGUUAUCAGAAGGAGACCAAACGUUGCGUUUGUAACGUAUGUCUGAUGUCAGUAUCGCCAUUAGGUAUGGAGCUGACUCCUCGCUGCCGUAAGGUCGUCUCCCCGUGAUAAUUC,"{(170, 184), (48, 59), (49, 58), (171, 183), (50, 57), (172, 182)}",()()(((()()(((()(())(()((()))())()(())(()(()(.)())((((()(()))().(((((((())))(((((()))(((((()()))(...)()((...((())(()()()()).((.)(.()))).)))((((()))(().)))))))))..)((()))())))))()(()()))).))()))((()()()((()()))()))((())((.))))()((()()()))()()(.(...()()()))...,()()(((()()(((()(())(()((()))())()(())(()(()(.)())((((()(()))().(((((((())))(((((()))(((((()()))(...)()((...((())(()()()()).((.)(.()))).)))((((()))(().)))))))))..)((()))())))))()(()()))).))()))((()()()((()()))()))((())((.))))()((()()()))()()(.(...()()()))...,0,0
UUCGCUAACUCAAGCUCAUUUAGGCUACCCUUCAGUUGAUCGCUUUAUCACGAGGAAUCCCGUGAACUUUCUCACGGGGUGGCAUGGUGAAUAUGCAUGUCAGAUAGGCAAACGUUCUUUGUCGUUAAUCGGACACGAGCGACCUACUGAGCUCAUUUCGAAGCCGGACCUUAUAUGCAUGAACUGUUUUCGGCCCGAGGGGAUAACAGCGGGUGGGCGCAGCUGUUAGCCCAAUCAGAUAACAUCCUGCACGUCUGCAUUGUGUAGGGUCGUGUUAUCUACGUUUUGACUGUUUU,"{(216, 229), (60, 75), (215, 230), (61, 74), (64, 71), (62, 73), (63, 72), (214, 231)}",...()()(((.)(())(()(()(()()).(((((())))((()((()(.)()(((.()))())))(((((((.)())))()()())))))((((())))).))())))((((())).)(((((()()()()))))()))()(.(()((((()))()((.(((((())(.(((((()()))))(.)))))))(())())))))(()((((()(((((((()(())()())))))())((((((.()..(())()).)())))()(()((())()()()))()()))(())))))))),...()()(((.)(())(()(()(()()).(((((())))((()((()(.)()(((.()))())))(((((((.)())))()()())))))((((())))).))())))((((())).)(((((()()()()))))()))()(.(()((((()))()((.(((((())(.(((((()()))))(.)))))))(())())))))(()(((()((()((()()(())()(((((((((.((.()(.()..(())())))()))))(()))(()())))))))()()))(()).)))))),24,47
ACAUAAGCACAUCUCUAAAGUCUAAUAGGGUGAACACUGAAGACGGGUCACCAAUCCCCGAUAGUUGGAGGUAAAAGGUUAGAUGUGCUAAUACUGAGACUGUCAUACCACAUGUCGUAUGCCAAGGGGCCCCUUUGACAUCGGGGUGUUGUACUGACCCCCAAAACUAGAUUUCUCACUUUACCGUAUAUACGCGGGCCGGCUAACCGGGUCGGGCCGGCGGCAGACAUGCUGAAUUCCAGUAUACGUGGACUCCCGCAGUGGUUGUUGCAGAUUUACGAACGCACUCCUUCAUU,"{(209, 216), (52, 65), (51, 66), (206, 219), (50, 67), (53, 64), (207, 218), (208, 217)}",...().()((()((.()).)(.()()))((((..)))((.((.)((((.))).())((()(()())))(((()((((((()(()((()()()))(((((.)((.())))((()))())()())(((((())))))())))))(((()()((())()))))(((((((())()))((((.)((((((()()()())))((())))))(()))(())((())()((((.(()))))(()))))))()(())(((.)))(().))))))(((())(.((()()))())))))))))))),...().()((()((.()).)(.()()))((((..)))((.((.)((((.))).())((()(()())))(((()((((((()(()((()()()))(((((.)((.())))((()))())()())(((((())))))())))))(((()()((())()))))(((((((())()))((((.)((((((()()()())))((())))))(()))(())((())()((((.(()))))(()))))))()(())(((.)))(().))))))(((())(.((()()))())))))))))))),0,0
UUUUAGUUCACUAAGGAGGAACCUUGGUGCUGACCAAACGGUGACUGCCGGCCACCGCGGGCGGAUCGUGGUCUCUGUUCCGAGGGCAGUGGAGAGGCUGAGUAUUAAAGUCUUUUGUUUCUAAAUUUAAAAGUUAUUCCGCAUUCCUAACUCAUAUGAACGUGUCUUGCCUCCAAUGACAGCAAGAAAUACUUCUAAACGGCAUGUUUGUGCGAAGCUCCGUCCGAAGCUACGCUCCUUAUCUAGCAACACCCAUCCUAGGGCAUACGAAGAUGAUUCUCAAC,"{(56, 68), (201, 212), (55, 69), (54, 70), (57, 67), (203, 210), (202, 211), (58, 66)}",(((()(((.)(().)(((((((((((((()())))))(()(()(((((())).)((())))()((((()))))))))(((().))()))(((((((()()((()(()).()))))(((((.(((()))))))())))))())))))))((((((())))(()))).)(()((..)()))))()((((((()(((.()))()()()))))((()(((()).()))())(()()().)))))()(())))(.(.((()((())))(.()()..)())()).).)).,(((()(((.)(().)(((((((((((((()())))))(()(()(((((())).)((())))()((((()))))))))(((().))()))(((((((()()((()(()).()))))(((((.(((()))))))())))))())))))))((((((())))(()))).)(()((..)()))))()((((((()(((.()))()()()))))((()(((()).()))())(()()().)))))()(())))(.(.((()((())))(.()()..)())()).).)).,0,0
AAUGUUUGGUGUUACGUCACCAGGCAGGAGACAGUAUACUUCGGUCUUGACGGCGGAGGACUCACGCCGCGUUCACGGCGUUUUGGUCAGGUGAGAUCCUAUUGCCUCUGCUUAUACACUGUUUUAAAGAGUUUUUGCACGUGUAGCGCACUCCGACCUCCGUUUGUUAUGCGUUACGCUGCACUACUCGAACUAGCUCUAUCGAGUUAACAUAACGUUAGCAGAGUGUUCGCAUGUUUGGACAAGUCCUUGAGGAAUGCGGGCAGGCCAGCCUGAU,"{(194, 207), (53, 65), (54, 64), (195, 206), (196, 205), (51, 67), (52, 66)}",((()))((()()())((.)).((()((((((.(((())))(())))))((()(()(((((.(((.()(()))((((((()))(((())))))))))))))()()))))()))()()((.))))(())(((())))(()).(((()()()(.))()))((((((((()(()(()(().()(()).()((())(.)(())(()(())((()))(()(()(()())(((()))(()())))))))))))((((()))))()))))())(())(().))).,((()))((()()())((.)).((()((((((.(((())))(())))))((()(()(((((.(((.()(()))((((((()))(((())))))))))))))()()))))()))()()((.))))(())(((())))(()).(((()()()(.))()))((((((((()(()(()(().()(()).()((())(.)(())(()(())((()))(()(()(()())(((()))(()())))))))))))((((()))))()))))())(())(().))).,0,0
ACUCACCCGUCGGCAGUCUCGUGAGUUUCUAGAGACACACUCUGUCAAUAGAUGAAGGACUAACGCCUUCGGUUAGUGUGUUCUGUUCCGAGAAUAGUGGAGUAGGGAGUUGUCAAGCAAGCAUAAAGAAGAGCCCUUGAAUGAGGGGCUUAUCGACUUCUGAUACGUGCAUGUUGAGUGACAUUGUGCGUAUAACGUGUCUUCCGCGUACGAUAUACGCUCGGGCCCCAAGGAAUACGCCUGUUUAAUACUAUCAUGCACCACACCCCAGGCACUAUAUUCUAUGCAAUGACGGC,"{(62, 72), (207, 217), (209, 215), (61, 73), (206, 218), (60, 74), (59, 75), (205, 219), (58, 76), (208, 216)}",..(.)((()(()()))(.((()))(((((()))((((.(.).))))))()(()(((((.)().()).))()((())()()(((()(((().)))()())))(()(((((((().))().(()()((((..(.()))))((()(((((())(()()))))))(()(())()()()((((()((((((((())))))())))))(.()()()()(())))()((((()))(..))))()())))()(())).))()(())).)).).))))))(((.)()()((()(())()))())),..(.)((()(()()))(.((()))(((((()))((((.(.).))))))()(()(((((.)().()).))()((())()()(((()(((().)))()())))(()(((((((().))().(()()((((..(.()))))((()(((((())(()()))))))(()(())()()()((((()((((((((())))))())))))(.()()()()(())))()((((()))(..))))()())))()(())).))()(())).)).).))))))(((.)()()((()(())()))())),0,0
ACCUAACAAUUGAAUAAGGCAUAAACAGCACCGAACAAUCUUAGAGUUACAUCGCCGUGAGAUGGCGAGUGAUUACUGCUGGUGUUCCCAUUGUUGUAAAGGCCUGCGGUGGCUUCAAAGACCCUUUAGAGCGUGACAUAGUAGAUCGGUUGUGAAUGACUUCAAAGACUUACUUUCUCGCUCAUACUCUAUAUCGUUCAGAUGUUGGUCCUAGAAGCAUCUAGUCAGCGCUUUUCAGUGAUUUUCUCCAGAUCUGGUCUUUCAUGGUUCCUUUACCGGAACGAU,"{(53, 65), (54, 64), (213, 220), (211, 222), (212, 221), (51, 67), (52, 66), (210, 223)}",(..)((((()))((()((()(()((((((((()((.(().))(((((()(((()(()()((()((()(()(()())(((()))))))).()))((())))(())))()(((()((.))(((.((((())))()((.)())))((((()(((()))(()(.))))((((.)()))))))()))))))))))()()())(.))(())))((.(()))(()()(())))((()))))(.))()())))))((((()))))).)))(())()(..((()(())))()).,(..)((((()))((()((()(()((((((((()((.(().))(((((()(((()(()()((()((()(()(()())(((()))))))).()))((())))(())))()(((()((.))(((.((((())))()((.)())))((((()(((()))(()(.))))((((.)()))))))()))))))))))()()())(.))(())))((.(()))(()()(())))((()))))(.))()())))))((((()))))).)))(())()(..((()(())))()).,0,0
UUCCUGGACGAAUUAGGAUAACCCCUCGAGAUACUCUAAGGGAGGAGUCAGGAUAACAACGGCUUGUAGCCGCAGGCGAGUCAACUCCGGAGGAUAUUUUAUGAUAACUCUCUCGAUAUGCUACUUGGCAGCCAGCAAAGCAGCAUAUGCCUCCACAAUUCUUAACAGGUCGAUAUGAGGACUCAGGCUCACUGAGUACCACAGUGAUGUUGGGGGUUGUCAGUGACCCGCUUACAUGACUUAGGAGGAGAGCUGACU,"{(181, 195), (59, 71), (182, 194), (62, 68), (180, 196), (183, 193), (60, 70), (61, 69)}",.((((((.()(())(((.().)((((((((.())))()(((((((((((.)).()((((()())))()(((().))()(((((((((())))((())))()))()).))))))((()()()())(((((.))))())..().()(())))))))(((())((())(.))(()()()(.((.)))))()))((().(())(((.)))()))))))))))(((.())))))()(()(()))((()))))))((())(.)),.((((((.()(())(((.().)((((((((.())))()(((((((((((.)).()((((()())))()(((().))()(((((((((())))((())))()))()).))))))((()()()())(((((.))))())..().()(())))))))(((())((())(.))(()()()(.((.)))))()))((().(())(((.)))()))))))))))(((.())))))()(()(()))((()))))))((())(.)),0,0
CUCGGCUGCGGGAAUACGGGUCGUUCGGAAGAGUCGGUGGUCAGUGUUUCCUUGCCACGGAUAAGCGAUGUGGGCCGCUUUCCUAGGGAGCAUGUCUUUUUAAGAAACCCGCCUGUAUGAACAACCGACCCCGUCCGACUAGCUGGUCGUAGUAGCGUUGGCCACCGUAUAGGGUGCGUCAGAUGAUCUCUUAAACCGUUGUAAGGAGUCCUUGUCGAACUCGGCGUCCCCACCCCAAUUAAGUACGGAACGUUACGGCAACGUUAAUCGUGUUGCCUAGACGCCAUUAU,"{(65, 76), (204, 210), (200, 214), (64, 77), (203, 211), (202, 212), (63, 78), (66, 75), (62, 79), (201, 213)}",.(.(()((()((((()()((((()(()(((((((())((()))(())))).))()))()))()(()(()((((()()))((((())(((((())).)))(())))))))(()(((()((..))((()(..((()(()((((()))))()((((((()))(())))()()))))))())))))()(())(((()).(()((())))))))))))((())(.(()()))))))))...)((()((())((.(())()((()((()))(()())()(()(()))))))()))),.(.(()((()((((()()((((()(()(((((((())((()))(())))).))()))()))()(()(()((((()()))((((())(((((())).)))(())))))))(()(((()((..))((()(..((()(()((((()))))()((((((()))(())))()()))))))())))))()(())(((()).(()((())))))))))))((())(.(()()))))))))...)((()((())((.(())()((()((()))(()())()(()(()))))))()))),0,0
UGCGCUUUGUCAUCAUGAGUCCCGAAGAGUUUCAAAAUCCGGUUCAAGUUAGUUCGAACUGUACUGGUAUACAUUGCAAAGCCGUUCUUGGUUCCUUCAUAUCGACCGGCUGCUCCCCGCGAGCUCAGAACGCUGUUCGAAGCGAUAAUUAAUCCUCGGUAGGGUCCGUAAAUAGUUCAAAGAGUACGGUGUAAGCUACUCGUAUUUGCUUCCGAGCGUGGGGCGAUACUAGUGGACACUAUCUCCUAUUAUCGUACUUCUGUUCAAACGAGAUCAUAACGUUCGGC,"{(193, 205), (49, 65), (51, 63), (192, 206), (50, 64), (191, 207), (194, 204), (190, 208)}",.()()(((((((((()))((((()((((((((.)))()(()((((((())((((()))))(())))((()))()(())))()))))))))((((((((()()()(.()())()(....(()(()))))))((((()(())))()(()((()))..))))())(())()()))()(((.))((((()()(((()(())(.)())))))()))))))(()()(((()()((()))(((.(.()).)))()))()()()))).))((.))))))(())()((()))()).,.()()(((((((((()))((((()((((((((.)))()(()((((((())((((()))))(())))((()))()(())))()))))))))((((((((()()()(.()())()(....(()(()))))))((((()(())))()(()((()))..))))())(())()()))()(((.))((((()()(((()(())(.)())))))()))))))(()()(((()()((()))(((.(.()).)))()))()()()))).))((.))))))(())()((()))()).,0,0
GUGAAUGUGUGGAGAUGACAUCAAACAGUAAUCGGUGGUUUUGCAGGCGGCCCUUUUACAAUCGCUAAGUUUGUACGUUGCUUAACCCAGUUGUCGCCGCACGACGCCAGGAAUCGCAAGGAAUUGACGCAUCGCAUCUAGUGCCAGUACCGGCCCGAAAAGCCCGCGGACAUGGAACUACCUUUGGAGGUUCUGCGCAAGAGUGCGCAUAGCAGGUGCUAUAUGCAAAGGGCCUACGUUCAAGUCCCUGUAUAUGCCGCAGAUCGGACUA,"{(57, 65), (197, 204), (198, 203), (195, 206), (196, 205), (55, 67), (56, 66), (54, 68)}",((((()()()(((((((.))))((((.))(((())()()))(())((()())))))())(().()(((()))(()((((()(())(((.)((((.()().)((.()((.)).())))))))(())))))))))()()(()))()))(()))(())().(((()((()))((()((..)())(((()))))))(((()))((.(((()))()((.)((()(()()()))(((())()()))(..))))))))()()(((((.)()))).)).,((((()()()(((((((.))))((((.))(((())()()))(())((()())))))())(().()(((()))(()((((()(())(((.)((((.()().)((.()((.)).())))))))(())))))))))()()(()))()))(()))(())().(((()((()))((()((..)())(((()))))))(((()))((.(((()))()((.)((()(()()()))(((())()()))(..))))))))()()(((((.)()))).)).,0,0
GAUAGCAGGAACAACGUUAACGGAUCUACUGUGAUCAGUAUCAACAGCGGCGGAAAUAAAGUAACUUUGUUUAGUUAAGGACUCCCCACGACACCGUUCCUAUGAUAUGCAGAUAAGGUGACAGACGAGAAACCCUGGGCGAAUCGCAUCGCUGGACGACGACAGCUAAAGUGUGUAUAAUAGUAAUUCCAGGCCUCGAGGGCCCUAACUGGCCCGGCAUAGGGUCGAGUGGCAUUCCAUCCCGGACCAAAGGCAUGUACUCUCCAAGGGACGGAUUUGCUUGUAUCAACCUCUUUUAAG,"{(62, 75), (63, 74), (65, 72), (203, 222), (206, 219), (204, 221), (205, 220), (64, 73)}",..((()(((..).(()(())()(.((()(((((()))(()))).(.)()())))..().((()((((((((()((())(((.))))(.()((((()((.(()()(()))(.)())))(((.))(.().(...)))))(()(.())()()())))(.)(.)(.)(()))).(((((()().()(()())).((((((())))())))).)((()(())))()((((())(()()())))())(()))))))))((())()))))((..))((()(()))()(((()).))))))))(())),..((()(((..).(()(())()(.((()(((((()))(()))).(.)()())))..().((()((((((((()((())(((.))))(.()((((()((.(()()(()))(.)())))(((.))(.().(...)))))(()(.())()()())))(.)(.)(.)(()))).(((((()().()(()())).((((((())))())))).)((()(())))()((((())(()()())))())(()))))))))((())()))))((..))((()(()))()(((()).))))))))(())),0,0
UUCUUGGGACGAGAUAACCGAUUCACUAAAGACAUUCGAAGCGGAUAUAUUCCAGGAGCUUGUCCUGUCUUGGAUAACACACUUGAAGGCAUUCGCUUAUGCUCCUCGGGCGAAACAGUUAGUAAUAAAAUACUUUUGACGGGGAAUAGGCAUUGGGGGUAACUAUCUGUGGUGCAACGUAGUAUGAGUCACUCUCAUAUGAGUGAUAUGUCCUAGCUUGUCACUCAGAAUCACUGGGAGCUCAUUUAUAAUACUAGUCAUAUGGUAGAAUCCCCAUA,"{(60, 75), (191, 202), (61, 74), (190, 203), (59, 76), (188, 205), (62, 73), (63, 72), (189, 204)}",((((())))())..()((()((((.(()..(((.((()))(()(()()()(((.)))())))))((((((())(()(((.(.)))(((()()(.()((()()((((()))().(((.))).)()())))())))))))))))))))).)()()((((((()(((((((()))(()))()))))()((()((.(((((()))))()()))))))()()((()(((((.))()((.)))((()))())()()()((()))((())))()))())))))).,((((())))())..()((()((((.(()..(((.((()))(()(()()()(((.)))())))))((((((())(()(((.(.)))(((()()(.()((()()((((()))().(((.))).)()())))())))))))))))))))).)()()((((((()(((((((()))(()))()))))()((()((.(((((()))))()()))))))()()((()(((((.))()((.)))((()))())()()()((()))((())))()))())))))).,0,0
AUUGGUAGCCACUUCCACGUGAGUGGAACUUGCUGAGCGUCGGGCAGAACUCACGCAAACCGCGGUGGUUACACCGCUAGAUAAGCUGGGCCGCCUGAUGCAUCUCACUUUGUUCUGGGGCUCGGUCAAAGAUUGUCCGUAUAGCGGCUAGUCUCCAGGACAGUGUCACCUGAUCGUCAGCGAGGCUACGUAUGGUAGCCACGCCAUGUGUUACGUCAAGUGGUAUUGACAAGUAGCCAGUGGCGAUAAUAAUAUACUUGGGUUAGUAAGAAUUUCAAUAACUGGAGAGU,"{(62, 75), (63, 74), (65, 72), (214, 229), (215, 228), (218, 225), (216, 227), (217, 226), (64, 73)}",((()(()()))((((((())).)()(.((((()())((((()(()((..)))))))).(((()))))((().)(()(())(()(())((()()))))((()))))))((((((((())((((()()(..((()(()(()()()()))))(()((((.)))(((()(((((((())()(.())))()((())()((()()(.()((())(()((())(..)()((()())))))()))))))))().().()(()).))())))())()))(()))))))))(())))))),((()(()()))((((((())).)()(.((((()())((((()(()((..)))))))).(((()))))((().)(()(())(()(())((()()))))((()))))))((((((((())((((()()(..((()(()(()()()()))))(()((((.)))(((()(((((((())()(.())))()((())()((()()(.()((())(()((())(..)()((()())))))()))))))))().().()(()).))())))())()))(()))))))))(())))))),0,0
